Name,full_source_list
Acid Betty ,https://en.wikipedia.org/wiki/List_of_RuPaul%27s_Drag_Race_contestants
Adore Delano ,https://en.wikipedia.org/wiki/List_of_RuPaul%27s_Drag_Race_contestants; https://en.wikipedia.org/wiki/List_of_drag_queens
Agnes of Gosh,http://tillyscreams.blogspot.com/2008/01/canonical-list-of-drag-queen-names.html; http://www.queermusicheritage.com/drag-names.html
Aja ,https://en.wikipedia.org/wiki/List_of_RuPaul%27s_Drag_Race_contestants; https://en.wikipedia.org/wiki/List_of_drag_queens
Akashia ,https://en.wikipedia.org/wiki/List_of_RuPaul%27s_Drag_Race_contestants
Akihiro Miwa ,https://en.wikipedia.org/wiki/List_of_drag_queens
Alaska ,https://en.wikipedia.org/wiki/List_of_RuPaul%27s_Drag_Race_contestants
Alaska Thunderfuck 5000 ,https://en.wikipedia.org/wiki/List_of_RuPaul%27s_Drag_Race_contestants; https://en.wikipedia.org/wiki/List_of_drag_queens
Alberta Clipper,http://tillyscreams.blogspot.com/2008/01/canonical-list-of-drag-queen-names.html
Alexis Mateo ,https://en.wikipedia.org/wiki/List_of_RuPaul%27s_Drag_Race_contestants; https://en.wikipedia.org/wiki/List_of_drag_queens
Alexis Michelle ,https://en.wikipedia.org/wiki/List_of_RuPaul%27s_Drag_Race_contestants
Alisa Summers ,https://en.wikipedia.org/wiki/List_of_RuPaul%27s_Drag_Race_contestants
Alyssa Edwards ,https://en.wikipedia.org/wiki/List_of_RuPaul%27s_Drag_Race_contestants; https://en.wikipedia.org/wiki/List_of_drag_queens
Amanda Buttfuck,http://tillyscreams.blogspot.com/2008/01/canonical-list-of-drag-queen-names.html
Amanda Chase,http://tillyscreams.blogspot.com/2008/01/canonical-list-of-drag-queen-names.html
Amanda Huginkiss,http://tillyscreams.blogspot.com/2008/01/canonical-list-of-drag-queen-names.html
Amanda Peon,http://tillyscreams.blogspot.com/2008/01/canonical-list-of-drag-queen-names.html
Amanda Playwith,http://tillyscreams.blogspot.com/2008/01/canonical-list-of-drag-queen-names.html; http://www.queermusicheritage.com/drag-names.html
Amanda Reckonwith,http://tillyscreams.blogspot.com/2008/01/canonical-list-of-drag-queen-names.html; http://www.queermusicheritage.com/drag-names.html
Amanda Stickmydickin,http://tillyscreams.blogspot.com/2008/01/canonical-list-of-drag-queen-names.html
Amber Alert,http://tillyscreams.blogspot.com/2008/01/canonical-list-of-drag-queen-names.html
Amber LeMay ,https://en.wikipedia.org/wiki/List_of_drag_queens
Amber Waves,http://tillyscreams.blogspot.com/2008/01/canonical-list-of-drag-queen-names.html; http://www.queermusicheritage.com/drag-names.html
Andrea Dorea,http://tillyscreams.blogspot.com/2008/01/canonical-list-of-drag-queen-names.html
Angie O’Plasty,http://tillyscreams.blogspot.com/2008/01/canonical-list-of-drag-queen-names.html
Anita B. Day,http://tillyscreams.blogspot.com/2008/01/canonical-list-of-drag-queen-names.html
Anita Bath,http://tillyscreams.blogspot.com/2008/01/canonical-list-of-drag-queen-names.html
Anita Cocktail,http://tillyscreams.blogspot.com/2008/01/canonical-list-of-drag-queen-names.html; http://www.queermusicheritage.com/drag-names.html
Anita Dick,http://tillyscreams.blogspot.com/2008/01/canonical-list-of-drag-queen-names.html
Anita Greencard,http://tillyscreams.blogspot.com/2008/01/canonical-list-of-drag-queen-names.html
Anita Mann,http://tillyscreams.blogspot.com/2008/01/canonical-list-of-drag-queen-names.html; http://www.queermusicheritage.com/drag-names.html
Anita Pill,http://tillyscreams.blogspot.com/2008/01/canonical-list-of-drag-queen-names.html
Anna Bortion,http://tillyscreams.blogspot.com/2008/01/canonical-list-of-drag-queen-names.html
Anna Rexia,http://tillyscreams.blogspot.com/2008/01/canonical-list-of-drag-queen-names.html; http://www.queermusicheritage.com/drag-names.html
Anna Waywego,http://tillyscreams.blogspot.com/2008/01/canonical-list-of-drag-queen-names.html
Annette Curtain,http://tillyscreams.blogspot.com/2008/01/canonical-list-of-drag-queen-names.html
Annie Bellum,http://tillyscreams.blogspot.com/2008/01/canonical-list-of-drag-queen-names.html
April Carrión ,https://en.wikipedia.org/wiki/List_of_RuPaul%27s_Drag_Race_contestants
Aquaria,https://en.wikipedia.org/wiki/List_of_RuPaul%27s_Drag_Race_contestants
Asia O'Hara ,https://en.wikipedia.org/wiki/List_of_RuPaul%27s_Drag_Race_contestants; https://en.wikipedia.org/wiki/List_of_drag_queens
Augusta Wind,http://tillyscreams.blogspot.com/2008/01/canonical-list-of-drag-queen-names.html
Auntie Christ,http://tillyscreams.blogspot.com/2008/01/canonical-list-of-drag-queen-names.html
Auntie Septic,http://tillyscreams.blogspot.com/2008/01/canonical-list-of-drag-queen-names.html
Babsan ,https://en.wikipedia.org/wiki/List_of_drag_queens
Bang Bang La Desh,http://tillyscreams.blogspot.com/2008/01/canonical-list-of-drag-queen-names.html
Barb Dwyer,http://tillyscreams.blogspot.com/2008/01/canonical-list-of-drag-queen-names.html
Barbette ,https://en.wikipedia.org/wiki/List_of_drag_queens
Barbra Seville,http://tillyscreams.blogspot.com/2008/01/canonical-list-of-drag-queen-names.html; http://www.queermusicheritage.com/drag-names.html
Bassem Feghali ,https://en.wikipedia.org/wiki/List_of_drag_queens
Bea FaCurtains,http://tillyscreams.blogspot.com/2008/01/canonical-list-of-drag-queen-names.html
Bea Reasonable,http://tillyscreams.blogspot.com/2008/01/canonical-list-of-drag-queen-names.html; http://www.queermusicheritage.com/drag-names.html
BeBe Zahara Benet ,https://en.wikipedia.org/wiki/List_of_RuPaul%27s_Drag_Race_contestants; https://en.wikipedia.org/wiki/List_of_drag_queens
BenDeLaCreme ,https://en.wikipedia.org/wiki/List_of_RuPaul%27s_Drag_Race_contestants; https://en.wikipedia.org/wiki/List_of_drag_queens
Bertha D. Blues,http://tillyscreams.blogspot.com/2008/01/canonical-list-of-drag-queen-names.html
Bertha Venation,http://tillyscreams.blogspot.com/2008/01/canonical-list-of-drag-queen-names.html; http://www.queermusicheritage.com/drag-names.html
Bess Twishes,http://tillyscreams.blogspot.com/2008/01/canonical-list-of-drag-queen-names.html
Bessie Mae Mucho,http://tillyscreams.blogspot.com/2008/01/canonical-list-of-drag-queen-names.html; http://www.queermusicheritage.com/drag-names.html
Bianca Del Rio ,https://en.wikipedia.org/wiki/List_of_RuPaul%27s_Drag_Race_contestants; https://en.wikipedia.org/wiki/List_of_drag_queens
Billy More ,https://en.wikipedia.org/wiki/List_of_drag_queens
Blair St. Clair ,https://en.wikipedia.org/wiki/List_of_RuPaul%27s_Drag_Race_contestants
Blanche Debris,http://tillyscreams.blogspot.com/2008/01/canonical-list-of-drag-queen-names.html
Blanche Dividian,http://tillyscreams.blogspot.com/2008/01/canonical-list-of-drag-queen-names.html
Bo Tocks,http://tillyscreams.blogspot.com/2008/01/canonical-list-of-drag-queen-names.html
Bob the Drag Queen ,https://en.wikipedia.org/wiki/List_of_RuPaul%27s_Drag_Race_contestants; https://en.wikipedia.org/wiki/List_of_drag_queens
Bobby Marchan ,https://en.wikipedia.org/wiki/List_of_drag_queens
Bridgette of Madison County,http://tillyscreams.blogspot.com/2008/01/canonical-list-of-drag-queen-names.html
Brini Maxwell ,https://en.wikipedia.org/wiki/List_of_drag_queens
Britney Houston ,https://en.wikipedia.org/wiki/List_of_drag_queens
Brooke Trout,http://tillyscreams.blogspot.com/2008/01/canonical-list-of-drag-queen-names.html
Candy Ass,http://tillyscreams.blogspot.com/2008/01/canonical-list-of-drag-queen-names.html; http://www.queermusicheritage.com/drag-names.html
Candy Wrapper,http://tillyscreams.blogspot.com/2008/01/canonical-list-of-drag-queen-names.html; http://www.queermusicheritage.com/drag-names.html
Carlotta Stolengoods,http://tillyscreams.blogspot.com/2008/01/canonical-list-of-drag-queen-names.html
Carmen Carrera ,https://en.wikipedia.org/wiki/List_of_RuPaul%27s_Drag_Race_contestants; https://en.wikipedia.org/wiki/List_of_drag_queens
Carmen Dioxide,http://tillyscreams.blogspot.com/2008/01/canonical-list-of-drag-queen-names.html
Carrie Oakey,http://tillyscreams.blogspot.com/2008/01/canonical-list-of-drag-queen-names.html
Carrie Onbag,http://tillyscreams.blogspot.com/2008/01/canonical-list-of-drag-queen-names.html
Catherine the Above Average,http://tillyscreams.blogspot.com/2008/01/canonical-list-of-drag-queen-names.html; http://www.queermusicheritage.com/drag-names.html
Chad Michaels ,https://en.wikipedia.org/wiki/List_of_RuPaul%27s_Drag_Race_contestants; https://en.wikipedia.org/wiki/List_of_drag_queens
Charity Case,http://tillyscreams.blogspot.com/2008/01/canonical-list-of-drag-queen-names.html
Charles Ludlam ,https://en.wikipedia.org/wiki/List_of_drag_queens
Charles Pierce ,https://en.wikipedia.org/wiki/List_of_drag_queens
Charles Romain,https://en.wikipedia.org/wiki/List_of_drag_queens
Charlie Hides ,https://en.wikipedia.org/wiki/List_of_RuPaul%27s_Drag_Race_contestants; https://en.wikipedia.org/wiki/List_of_drag_queens
Chenille Stems,http://tillyscreams.blogspot.com/2008/01/canonical-list-of-drag-queen-names.html
Cherdonna Shinatra ,https://en.wikipedia.org/wiki/List_of_drag_queens
Chi Chi DeVayne ,https://en.wikipedia.org/wiki/List_of_RuPaul%27s_Drag_Race_contestants; https://en.wikipedia.org/wiki/List_of_drag_queens
Chi Chi LaRue ,https://en.wikipedia.org/wiki/List_of_drag_queens
Chris Coe,http://tillyscreams.blogspot.com/2008/01/canonical-list-of-drag-queen-names.html
Christeene Vale ,https://en.wikipedia.org/wiki/List_of_drag_queens
Clare Boothe Luce Change,http://tillyscreams.blogspot.com/2008/01/canonical-list-of-drag-queen-names.html; http://www.queermusicheritage.com/drag-names.html
Coco Montrese ,https://en.wikipedia.org/wiki/List_of_RuPaul%27s_Drag_Race_contestants; https://en.wikipedia.org/wiki/List_of_drag_queens
Conchita Wurst ,https://en.wikipedia.org/wiki/List_of_drag_queens
Connie Chiwa,http://tillyscreams.blogspot.com/2008/01/canonical-list-of-drag-queen-names.html
Connie Lingus,http://tillyscreams.blogspot.com/2008/01/canonical-list-of-drag-queen-names.html
Connie Sewer,http://tillyscreams.blogspot.com/2008/01/canonical-list-of-drag-queen-names.html
Cookie Buffet ,https://en.wikipedia.org/wiki/List_of_drag_queens
Courtney Act ,https://en.wikipedia.org/wiki/List_of_RuPaul%27s_Drag_Race_contestants; https://en.wikipedia.org/wiki/List_of_drag_queens
Craig Russell ,https://en.wikipedia.org/wiki/List_of_drag_queens
Crème Brulay,http://tillyscreams.blogspot.com/2008/01/canonical-list-of-drag-queen-names.html
Crystal DeCanter,http://tillyscreams.blogspot.com/2008/01/canonical-list-of-drag-queen-names.html; http://www.queermusicheritage.com/drag-names.html
Cuntalina Fucklebitch,http://tillyscreams.blogspot.com/2008/01/canonical-list-of-drag-queen-names.html
Cynthia Lee Fontaine ,https://en.wikipedia.org/wiki/List_of_RuPaul%27s_Drag_Race_contestants; https://en.wikipedia.org/wiki/List_of_drag_queens
Dame Edna Everage ,https://en.wikipedia.org/wiki/List_of_drag_queens
Danny La Rue ,https://en.wikipedia.org/wiki/List_of_drag_queens
Darienne Lake ,https://en.wikipedia.org/wiki/List_of_RuPaul%27s_Drag_Race_contestants
Dax ExclamationPoint ,https://en.wikipedia.org/wiki/List_of_RuPaul%27s_Drag_Race_contestants
Deb. U. Tant,http://tillyscreams.blogspot.com/2008/01/canonical-list-of-drag-queen-names.html
Deborah Ombres ,https://en.wikipedia.org/wiki/List_of_drag_queens
Dee Flaytable,http://tillyscreams.blogspot.com/2008/01/canonical-list-of-drag-queen-names.html; http://www.queermusicheritage.com/drag-names.html
Della Catessen,http://tillyscreams.blogspot.com/2008/01/canonical-list-of-drag-queen-names.html; http://www.queermusicheritage.com/drag-names.html
Della Ware,http://tillyscreams.blogspot.com/2008/01/canonical-list-of-drag-queen-names.html
Delois Price,http://tillyscreams.blogspot.com/2008/01/canonical-list-of-drag-queen-names.html
Delta Work ,https://en.wikipedia.org/wiki/List_of_RuPaul%27s_Drag_Race_contestants; https://en.wikipedia.org/wiki/List_of_drag_queens
Demanda Refund,http://tillyscreams.blogspot.com/2008/01/canonical-list-of-drag-queen-names.html
Derrick Barry ,https://en.wikipedia.org/wiki/List_of_RuPaul%27s_Drag_Race_contestants
Detox ,https://en.wikipedia.org/wiki/List_of_RuPaul%27s_Drag_Race_contestants
Detox Icunt ,https://en.wikipedia.org/wiki/List_of_RuPaul%27s_Drag_Race_contestants; https://en.wikipedia.org/wiki/List_of_drag_queens
Devoida Class,http://tillyscreams.blogspot.com/2008/01/canonical-list-of-drag-queen-names.html
Devoida Taste,http://tillyscreams.blogspot.com/2008/01/canonical-list-of-drag-queen-names.html; http://www.queermusicheritage.com/drag-names.html
Di Onacross,http://tillyscreams.blogspot.com/2008/01/canonical-list-of-drag-queen-names.html
Dickhole Kidman,http://tillyscreams.blogspot.com/2008/01/canonical-list-of-drag-queen-names.html
DiDa Ritz ,https://en.wikipedia.org/wiki/List_of_RuPaul%27s_Drag_Race_contestants
Dinah Cancer,http://tillyscreams.blogspot.com/2008/01/canonical-list-of-drag-queen-names.html
Dinah Lone,http://tillyscreams.blogspot.com/2008/01/canonical-list-of-drag-queen-names.html
Dinah Ponme,http://tillyscreams.blogspot.com/2008/01/canonical-list-of-drag-queen-names.html
Dinah Thirst,http://tillyscreams.blogspot.com/2008/01/canonical-list-of-drag-queen-names.html
Divine ,https://en.wikipedia.org/wiki/List_of_drag_queens
Dolly Liama,http://tillyscreams.blogspot.com/2008/01/canonical-list-of-drag-queen-names.html
Dolores del Taco,http://tillyscreams.blogspot.com/2008/01/canonical-list-of-drag-queen-names.html
Donna Frock,http://tillyscreams.blogspot.com/2008/01/canonical-list-of-drag-queen-names.html
Donna Matrix,http://tillyscreams.blogspot.com/2008/01/canonical-list-of-drag-queen-names.html
Donna Sachet ,https://en.wikipedia.org/wiki/List_of_drag_queens
Dora Jarr,http://tillyscreams.blogspot.com/2008/01/canonical-list-of-drag-queen-names.html
Dorian Corey ,https://en.wikipedia.org/wiki/List_of_drag_queens
Dot Com,http://tillyscreams.blogspot.com/2008/01/canonical-list-of-drag-queen-names.html
DQ ,https://en.wikipedia.org/wiki/List_of_drag_queens
Dreuxilla Divine ,https://en.wikipedia.org/wiki/List_of_drag_queens
Drunkard Channing,http://tillyscreams.blogspot.com/2008/01/canonical-list-of-drag-queen-names.html
Dusty Chotsky,http://tillyscreams.blogspot.com/2008/01/canonical-list-of-drag-queen-names.html
Dusty Ray Bottoms ,https://en.wikipedia.org/wiki/List_of_RuPaul%27s_Drag_Race_contestants
Edina Date,http://tillyscreams.blogspot.com/2008/01/canonical-list-of-drag-queen-names.html
Eileen Dover,http://tillyscreams.blogspot.com/2008/01/canonical-list-of-drag-queen-names.html; http://www.queermusicheritage.com/drag-names.html
Emma Grate,http://tillyscreams.blogspot.com/2008/01/canonical-list-of-drag-queen-names.html
Emma Roids,http://tillyscreams.blogspot.com/2008/01/canonical-list-of-drag-queen-names.html
Emmy Nimms,http://tillyscreams.blogspot.com/2008/01/canonical-list-of-drag-queen-names.html
Erickatoure Aviance ,https://en.wikipedia.org/wiki/List_of_drag_queens
Estee Lauder Harder Faster,http://tillyscreams.blogspot.com/2008/01/canonical-list-of-drag-queen-names.html
Ethyl Eichelberger ,https://en.wikipedia.org/wiki/List_of_drag_queens
Eureka ,https://en.wikipedia.org/wiki/List_of_RuPaul%27s_Drag_Race_contestants
Eureka O'Hara ,https://en.wikipedia.org/wiki/List_of_RuPaul%27s_Drag_Race_contestants
Eva Destruction,http://tillyscreams.blogspot.com/2008/01/canonical-list-of-drag-queen-names.html; http://www.queermusicheritage.com/drag-names.html
Evie Harris ,https://en.wikipedia.org/wiki/List_of_drag_queens
Farrah Moan ,https://en.wikipedia.org/wiki/List_of_RuPaul%27s_Drag_Race_contestants; https://en.wikipedia.org/wiki/List_of_drag_queens
Faye King,http://tillyscreams.blogspot.com/2008/01/canonical-list-of-drag-queen-names.html
Faye Shull,http://tillyscreams.blogspot.com/2008/01/canonical-list-of-drag-queen-names.html
Faye Slift,http://tillyscreams.blogspot.com/2008/01/canonical-list-of-drag-queen-names.html
Fenna Mint,http://tillyscreams.blogspot.com/2008/01/canonical-list-of-drag-queen-names.html
Formica Dinette,http://tillyscreams.blogspot.com/2008/01/canonical-list-of-drag-queen-names.html
Francis Leon ,https://en.wikipedia.org/wiki/List_of_drag_queens
Frank Marino ,https://en.wikipedia.org/wiki/List_of_drag_queens
Frankie Jaxon ,https://en.wikipedia.org/wiki/List_of_drag_queens
Frau Wäber ,https://en.wikipedia.org/wiki/List_of_drag_queens
Frayda Cox,http://tillyscreams.blogspot.com/2008/01/canonical-list-of-drag-queen-names.html
Frieda Fondle,http://tillyscreams.blogspot.com/2008/01/canonical-list-of-drag-queen-names.html
Frieda Love,http://tillyscreams.blogspot.com/2008/01/canonical-list-of-drag-queen-names.html
Gail Force,http://tillyscreams.blogspot.com/2008/01/canonical-list-of-drag-queen-names.html; http://www.queermusicheritage.com/drag-names.html
Gay Barr,http://tillyscreams.blogspot.com/2008/01/canonical-list-of-drag-queen-names.html
Gay Wright,http://tillyscreams.blogspot.com/2008/01/canonical-list-of-drag-queen-names.html
Gena Lola Golden Gata Bridgeda,http://tillyscreams.blogspot.com/2008/01/canonical-list-of-drag-queen-names.html
Gia Gunn ,https://en.wikipedia.org/wiki/List_of_RuPaul%27s_Drag_Race_contestants
Gina Talia,http://tillyscreams.blogspot.com/2008/01/canonical-list-of-drag-queen-names.html
Gina Te,http://tillyscreams.blogspot.com/2008/01/canonical-list-of-drag-queen-names.html
Ginger Minj ,https://en.wikipedia.org/wiki/List_of_RuPaul%27s_Drag_Race_contestants
Ginger Snapp,http://tillyscreams.blogspot.com/2008/01/canonical-list-of-drag-queen-names.html
Ginger Vitis,http://www.queermusicheritage.com/drag-names.html
Ginger Vitus,http://tillyscreams.blogspot.com/2008/01/canonical-list-of-drag-queen-names.html
Ginny Tonic,http://tillyscreams.blogspot.com/2008/01/canonical-list-of-drag-queen-names.html
Glenda Bender,http://tillyscreams.blogspot.com/2008/01/canonical-list-of-drag-queen-names.html; http://www.queermusicheritage.com/drag-names.html
Glennda Orgasm ,https://en.wikipedia.org/wiki/List_of_drag_queens
Gloria Hole,http://tillyscreams.blogspot.com/2008/01/canonical-list-of-drag-queen-names.html; http://www.queermusicheritage.com/drag-names.html
Harvey Fierstein ,https://en.wikipedia.org/wiki/List_of_drag_queens
Heather Haldane ,https://en.wikipedia.org/wiki/List_of_drag_queens
Hedda Gobbler,http://tillyscreams.blogspot.com/2008/01/canonical-list-of-drag-queen-names.html
Hedda Lettuce ,http://tillyscreams.blogspot.com/2008/01/canonical-list-of-drag-queen-names.html; http://www.queermusicheritage.com/drag-names.html; https://en.wikipedia.org/wiki/List_of_drag_queens
Heklina ,https://en.wikipedia.org/wiki/List_of_drag_queens
Helen Bach,http://tillyscreams.blogspot.com/2008/01/canonical-list-of-drag-queen-names.html
Helen Bedd,http://tillyscreams.blogspot.com/2008/01/canonical-list-of-drag-queen-names.html
Helen Heels,http://tillyscreams.blogspot.com/2008/01/canonical-list-of-drag-queen-names.html; http://www.queermusicheritage.com/drag-names.html
Helena Handbag,http://tillyscreams.blogspot.com/2008/01/canonical-list-of-drag-queen-names.html
Helvetica Bold,http://tillyscreams.blogspot.com/2008/01/canonical-list-of-drag-queen-names.html
Hollee Luja,http://tillyscreams.blogspot.com/2008/01/canonical-list-of-drag-queen-names.html; http://www.queermusicheritage.com/drag-names.html
Holly Goheavily,http://tillyscreams.blogspot.com/2008/01/canonical-list-of-drag-queen-names.html; http://www.queermusicheritage.com/drag-names.html
Holly Mackerel,http://tillyscreams.blogspot.com/2008/01/canonical-list-of-drag-queen-names.html; http://www.queermusicheritage.com/drag-names.html
Honey Dijon,http://tillyscreams.blogspot.com/2008/01/canonical-list-of-drag-queen-names.html
Honey Mahogany ,https://en.wikipedia.org/wiki/List_of_RuPaul%27s_Drag_Race_contestants; https://en.wikipedia.org/wiki/List_of_drag_queens
Hope Chest,http://tillyscreams.blogspot.com/2008/01/canonical-list-of-drag-queen-names.html
Hope Heelcum,http://tillyscreams.blogspot.com/2008/01/canonical-list-of-drag-queen-names.html; http://www.queermusicheritage.com/drag-names.html
Hurricane Summers,http://tillyscreams.blogspot.com/2008/01/canonical-list-of-drag-queen-names.html
Huysuz Virjin ,https://en.wikipedia.org/wiki/List_of_drag_queens
ICEIS Rain ,https://en.wikipedia.org/wiki/List_of_drag_queens
Ida Claire,http://tillyscreams.blogspot.com/2008/01/canonical-list-of-drag-queen-names.html
Ida Slapter,http://tillyscreams.blogspot.com/2008/01/canonical-list-of-drag-queen-names.html
India Ferrah ,https://en.wikipedia.org/wiki/List_of_RuPaul%27s_Drag_Race_contestants
Iona Sextoy,http://tillyscreams.blogspot.com/2008/01/canonical-list-of-drag-queen-names.html; http://www.queermusicheritage.com/drag-names.html
Iona Trailer,http://tillyscreams.blogspot.com/2008/01/canonical-list-of-drag-queen-names.html
Issan Dorsey ,https://en.wikipedia.org/wiki/List_of_drag_queens
Ivana B. Astar,http://tillyscreams.blogspot.com/2008/01/canonical-list-of-drag-queen-names.html
Ivana B. Queen,http://tillyscreams.blogspot.com/2008/01/canonical-list-of-drag-queen-names.html; http://www.queermusicheritage.com/drag-names.html
Ivana Cockatoo,http://tillyscreams.blogspot.com/2008/01/canonical-list-of-drag-queen-names.html; http://www.queermusicheritage.com/drag-names.html
Ivana Kutchakockoff,http://tillyscreams.blogspot.com/2008/01/canonical-list-of-drag-queen-names.html; http://www.queermusicheritage.com/drag-names.html
Ivana Mann,http://tillyscreams.blogspot.com/2008/01/canonical-list-of-drag-queen-names.html
Ivy Winters ,https://en.wikipedia.org/wiki/List_of_RuPaul%27s_Drag_Race_contestants; https://en.wikipedia.org/wiki/List_of_drag_queens
Jackie Beat ,https://en.wikipedia.org/wiki/List_of_drag_queens
Jade Jolie ,https://en.wikipedia.org/wiki/List_of_RuPaul%27s_Drag_Race_contestants
Jade Sotomayor ,https://en.wikipedia.org/wiki/List_of_RuPaul%27s_Drag_Race_contestants
Jaidynn Diore Fierce ,https://en.wikipedia.org/wiki/List_of_RuPaul%27s_Drag_Race_contestants
James St. James ,https://en.wikipedia.org/wiki/List_of_drag_queens
Jasmine Masters ,https://en.wikipedia.org/wiki/List_of_RuPaul%27s_Drag_Race_contestants; https://en.wikipedia.org/wiki/List_of_drag_queens
Jaymes Mansfield ,https://en.wikipedia.org/wiki/List_of_RuPaul%27s_Drag_Race_contestants
Jazzmun ,https://en.wikipedia.org/wiki/List_of_drag_queens
Jean Malin ,https://en.wikipedia.org/wiki/List_of_drag_queens
Jean Pool,http://tillyscreams.blogspot.com/2008/01/canonical-list-of-drag-queen-names.html; http://www.queermusicheritage.com/drag-names.html
Jeff Manabat ,https://en.wikipedia.org/wiki/List_of_drag_queens
Jeffree Star ,https://en.wikipedia.org/wiki/List_of_drag_queens
Jenny Tonic,http://tillyscreams.blogspot.com/2008/01/canonical-list-of-drag-queen-names.html; http://www.queermusicheritage.com/drag-names.html
Jessica Wild ,https://en.wikipedia.org/wiki/List_of_RuPaul%27s_Drag_Race_contestants; https://en.wikipedia.org/wiki/List_of_drag_queens
Jiggly Caliente ,https://en.wikipedia.org/wiki/List_of_RuPaul%27s_Drag_Race_contestants; https://en.wikipedia.org/wiki/List_of_drag_queens
Jill E. Bean,http://tillyscreams.blogspot.com/2008/01/canonical-list-of-drag-queen-names.html
Jim Bailey ,https://en.wikipedia.org/wiki/List_of_drag_queens
Jinkx Monsoon ,https://en.wikipedia.org/wiki/List_of_RuPaul%27s_Drag_Race_contestants; https://en.wikipedia.org/wiki/List_of_drag_queens
Joan Jett Black,http://www.queermusicheritage.com/drag-names.html
Joan Jett Blakk ,https://en.wikipedia.org/wiki/List_of_drag_queens
Joey Arias ,https://en.wikipedia.org/wiki/List_of_drag_queens
Joslyn Fox ,https://en.wikipedia.org/wiki/List_of_RuPaul%27s_Drag_Race_contestants
Juan Condition,http://tillyscreams.blogspot.com/2008/01/canonical-list-of-drag-queen-names.html
Juan Nightstand,http://tillyscreams.blogspot.com/2008/01/canonical-list-of-drag-queen-names.html
Juan Nightstand Amanda Peon,http://www.queermusicheritage.com/drag-names.html
Jujubee ,https://en.wikipedia.org/wiki/List_of_RuPaul%27s_Drag_Race_contestants; https://en.wikipedia.org/wiki/List_of_drag_queens
Julian Eltinge ,https://en.wikipedia.org/wiki/List_of_drag_queens
June Bugg,http://tillyscreams.blogspot.com/2008/01/canonical-list-of-drag-queen-names.html
Kalorie Karbdashian Williams ,https://en.wikipedia.org/wiki/List_of_RuPaul%27s_Drag_Race_contestants
Kameron Michaels ,https://en.wikipedia.org/wiki/List_of_RuPaul%27s_Drag_Race_contestants
Kandy Ho ,https://en.wikipedia.org/wiki/List_of_RuPaul%27s_Drag_Race_contestants
Karen Carpenteria,http://tillyscreams.blogspot.com/2008/01/canonical-list-of-drag-queen-names.html; http://www.queermusicheritage.com/drag-names.html
Katy Didd,http://tillyscreams.blogspot.com/2008/01/canonical-list-of-drag-queen-names.html
Katya ,https://en.wikipedia.org/wiki/List_of_RuPaul%27s_Drag_Race_contestants
Katya Zamolodchikova ,https://en.wikipedia.org/wiki/List_of_RuPaul%27s_Drag_Race_contestants; https://en.wikipedia.org/wiki/List_of_drag_queens
Kay Puerca,http://tillyscreams.blogspot.com/2008/01/canonical-list-of-drag-queen-names.html
Kaye Sedia,http://tillyscreams.blogspot.com/2008/01/canonical-list-of-drag-queen-names.html
Kaye Wye,http://tillyscreams.blogspot.com/2008/01/canonical-list-of-drag-queen-names.html; http://www.queermusicheritage.com/drag-names.html
Keesha Myas,http://tillyscreams.blogspot.com/2008/01/canonical-list-of-drag-queen-names.html
Kelly ,https://en.wikipedia.org/wiki/List_of_drag_queens
Kelly Mantle ,https://en.wikipedia.org/wiki/List_of_RuPaul%27s_Drag_Race_contestants; https://en.wikipedia.org/wiki/List_of_drag_queens
Kennedy Davenport ,https://en.wikipedia.org/wiki/List_of_RuPaul%27s_Drag_Race_contestants; https://en.wikipedia.org/wiki/List_of_drag_queens
Kenya Michaels ,https://en.wikipedia.org/wiki/List_of_RuPaul%27s_Drag_Race_contestants
Kevin Aviance ,https://en.wikipedia.org/wiki/List_of_drag_queens
Kevin Kirkwood,https://en.wikipedia.org/wiki/List_of_drag_queens
Kiki DuRane ,https://en.wikipedia.org/wiki/List_of_drag_queens
Kim Chi ,https://en.wikipedia.org/wiki/List_of_RuPaul%27s_Drag_Race_contestants; https://en.wikipedia.org/wiki/List_of_drag_queens
Kimora Blac ,https://en.wikipedia.org/wiki/List_of_RuPaul%27s_Drag_Race_contestants
Kitten Kaboodle,http://tillyscreams.blogspot.com/2008/01/canonical-list-of-drag-queen-names.html; http://www.queermusicheritage.com/drag-names.html
Kitty Litter,http://tillyscreams.blogspot.com/2008/01/canonical-list-of-drag-queen-names.html
Kitty Porn,http://tillyscreams.blogspot.com/2008/01/canonical-list-of-drag-queen-names.html
Lady Bunny ,https://en.wikipedia.org/wiki/List_of_drag_queens
Lady Clover Honey ,https://en.wikipedia.org/wiki/List_of_drag_queens
Lady White Swallow,http://tillyscreams.blogspot.com/2008/01/canonical-list-of-drag-queen-names.html
Laganja Estranja ,https://en.wikipedia.org/wiki/List_of_RuPaul%27s_Drag_Race_contestants; https://en.wikipedia.org/wiki/List_of_drag_queens
Laila McQueen ,https://en.wikipedia.org/wiki/List_of_RuPaul%27s_Drag_Race_contestants
Lana Cane,http://tillyscreams.blogspot.com/2008/01/canonical-list-of-drag-queen-names.html
Lashauwn Beyond ,https://en.wikipedia.org/wiki/List_of_RuPaul%27s_Drag_Race_contestants
Latrice Royale ,https://en.wikipedia.org/wiki/List_of_RuPaul%27s_Drag_Race_contestants; https://en.wikipedia.org/wiki/List_of_drag_queens
LaTrina Bidet,http://tillyscreams.blogspot.com/2008/01/canonical-list-of-drag-queen-names.html
Laverne Onions,http://tillyscreams.blogspot.com/2008/01/canonical-list-of-drag-queen-names.html
Layona Davenport ,http://tillyscreams.blogspot.com/2008/01/canonical-list-of-drag-queen-names.html; http://www.queermusicheritage.com/drag-names.html
Leah Tard,http://tillyscreams.blogspot.com/2008/01/canonical-list-of-drag-queen-names.html
Leesa Carr,http://tillyscreams.blogspot.com/2008/01/canonical-list-of-drag-queen-names.html
Leigh Way,http://tillyscreams.blogspot.com/2008/01/canonical-list-of-drag-queen-names.html
Leonid the Magnificent ,https://en.wikipedia.org/wiki/List_of_drag_queens
Libby T. Belle,http://tillyscreams.blogspot.com/2008/01/canonical-list-of-drag-queen-names.html
Lilly Pond,http://tillyscreams.blogspot.com/2008/01/canonical-list-of-drag-queen-names.html
Lilly White,http://tillyscreams.blogspot.com/2008/01/canonical-list-of-drag-queen-names.html; http://www.queermusicheritage.com/drag-names.html
Lily Savage ,https://en.wikipedia.org/wiki/List_of_drag_queens
Lineysha Sparx ,https://en.wikipedia.org/wiki/List_of_RuPaul%27s_Drag_Race_contestants
Lois Carmen Denominator,http://tillyscreams.blogspot.com/2008/01/canonical-list-of-drag-queen-names.html
Lois Commondenominator,http://www.queermusicheritage.com/drag-names.html
Louis Alberto Campos ,https://en.wikipedia.org/wiki/List_of_drag_queens
Lucy Belle LeMay ,https://en.wikipedia.org/wiki/List_of_drag_queens
Lypsinka ,http://www.queermusicheritage.com/drag-names.html; https://en.wikipedia.org/wiki/List_of_drag_queens
Madam Ovary      ,http://tillyscreams.blogspot.com/2008/01/canonical-list-of-drag-queen-names.html; http://www.queermusicheritage.com/drag-names.html
Madame LaQueer ,https://en.wikipedia.org/wiki/List_of_RuPaul%27s_Drag_Race_contestants
Madea ,https://en.wikipedia.org/wiki/List_of_drag_queens
Mado Lamotte ,https://en.wikipedia.org/wiki/List_of_drag_queens
Mae Ewe,http://tillyscreams.blogspot.com/2008/01/canonical-list-of-drag-queen-names.html
Mae Zola,http://tillyscreams.blogspot.com/2008/01/canonical-list-of-drag-queen-names.html
Magnolia Crawford ,https://en.wikipedia.org/wiki/List_of_RuPaul%27s_Drag_Race_contestants
Maj Gadd ,https://en.wikipedia.org/wiki/List_of_drag_queens
Manila Luzon ,https://en.wikipedia.org/wiki/List_of_RuPaul%27s_Drag_Race_contestants; https://en.wikipedia.org/wiki/List_of_drag_queens
Manuel Hung,http://tillyscreams.blogspot.com/2008/01/canonical-list-of-drag-queen-names.html
Margo Howard-Howard ,https://en.wikipedia.org/wiki/List_of_drag_queens
Marguarite LeMay ,https://en.wikipedia.org/wiki/List_of_drag_queens
Mariah,https://en.wikipedia.org/wiki/List_of_RuPaul%27s_Drag_Race_contestants
Mariah (Paris) Balenciaga,https://en.wikipedia.org/wiki/List_of_RuPaul%27s_Drag_Race_contestants
Marianne Unfaithful,http://tillyscreams.blogspot.com/2008/01/canonical-list-of-drag-queen-names.html; http://www.queermusicheritage.com/drag-names.html
Mario Montez ,https://en.wikipedia.org/wiki/List_of_drag_queens
Marsha Dimes,http://tillyscreams.blogspot.com/2008/01/canonical-list-of-drag-queen-names.html; http://www.queermusicheritage.com/drag-names.html
Marsha Mellow ,http://tillyscreams.blogspot.com/2008/01/canonical-list-of-drag-queen-names.html; http://www.queermusicheritage.com/drag-names.html
Marsha P. Johnson ,https://en.wikipedia.org/wiki/List_of_drag_queens
Mary Dale ,https://en.wikipedia.org/wiki/List_of_drag_queens
Mary K. Mart,http://tillyscreams.blogspot.com/2008/01/canonical-list-of-drag-queen-names.html; http://www.queermusicheritage.com/drag-names.html
Max ,https://en.wikipedia.org/wiki/List_of_RuPaul%27s_Drag_Race_contestants
May Aculpa,http://tillyscreams.blogspot.com/2008/01/canonical-list-of-drag-queen-names.html
Mayhem Miller ,https://en.wikipedia.org/wiki/List_of_RuPaul%27s_Drag_Race_contestants
Michelle DuBarry ,https://en.wikipedia.org/wiki/List_of_drag_queens
Milan ,https://en.wikipedia.org/wiki/List_of_RuPaul%27s_Drag_Race_contestants
Milk ,https://en.wikipedia.org/wiki/List_of_RuPaul%27s_Drag_Race_contestants; https://en.wikipedia.org/wiki/List_of_drag_queens
Mimi Imfurst ,https://en.wikipedia.org/wiki/List_of_RuPaul%27s_Drag_Race_contestants; https://en.wikipedia.org/wiki/List_of_drag_queens
Mimi Mi,http://tillyscreams.blogspot.com/2008/01/canonical-list-of-drag-queen-names.html
Ming Vase,http://tillyscreams.blogspot.com/2008/01/canonical-list-of-drag-queen-names.html
Minnie Cooper,http://tillyscreams.blogspot.com/2008/01/canonical-list-of-drag-queen-names.html
Minnie Pause,http://tillyscreams.blogspot.com/2008/01/canonical-list-of-drag-queen-names.html
Miranda Rites,http://tillyscreams.blogspot.com/2008/01/canonical-list-of-drag-queen-names.html
Miss Charmin,http://tillyscreams.blogspot.com/2008/01/canonical-list-of-drag-queen-names.html
Miss Coco Peru ,https://en.wikipedia.org/wiki/List_of_drag_queens
Miss Construe,http://tillyscreams.blogspot.com/2008/01/canonical-list-of-drag-queen-names.html; http://www.queermusicheritage.com/drag-names.html
Miss Diagnosed,http://tillyscreams.blogspot.com/2008/01/canonical-list-of-drag-queen-names.html; http://www.queermusicheritage.com/drag-names.html
Miss Fame ,https://en.wikipedia.org/wiki/List_of_RuPaul%27s_Drag_Race_contestants; https://en.wikipedia.org/wiki/List_of_drag_queens
Miss Inglink,http://tillyscreams.blogspot.com/2008/01/canonical-list-of-drag-queen-names.html; http://www.queermusicheritage.com/drag-names.html
Miss J ,https://en.wikipedia.org/wiki/List_of_drag_queens
Miss Opal Foxx ,https://en.wikipedia.org/wiki/List_of_drag_queens
Miss Shangay Lily ,https://en.wikipedia.org/wiki/List_of_drag_queens
Miss Taken,http://tillyscreams.blogspot.com/2008/01/canonical-list-of-drag-queen-names.html
Misty Cologne,http://tillyscreams.blogspot.com/2008/01/canonical-list-of-drag-queen-names.html; http://www.queermusicheritage.com/drag-names.html
Miz Cracker ,https://en.wikipedia.org/wiki/List_of_RuPaul%27s_Drag_Race_contestants
Molly Bolt,http://tillyscreams.blogspot.com/2008/01/canonical-list-of-drag-queen-names.html
Mona Lott,http://tillyscreams.blogspot.com/2008/01/canonical-list-of-drag-queen-names.html
Monét X Change ,https://en.wikipedia.org/wiki/List_of_RuPaul%27s_Drag_Race_contestants
Monica Beverly Hillz ,https://en.wikipedia.org/wiki/List_of_RuPaul%27s_Drag_Race_contestants; https://en.wikipedia.org/wiki/List_of_drag_queens
Monique Heart ,https://en.wikipedia.org/wiki/List_of_RuPaul%27s_Drag_Race_contestants
Morgan McMichaels ,https://en.wikipedia.org/wiki/List_of_RuPaul%27s_Drag_Race_contestants; https://en.wikipedia.org/wiki/List_of_drag_queens
Mrs Brown ,https://en.wikipedia.org/wiki/List_of_drag_queens
Mrs. Kasha Davis ,https://en.wikipedia.org/wiki/List_of_RuPaul%27s_Drag_Race_contestants
Mystique Summers Madison ,https://en.wikipedia.org/wiki/List_of_RuPaul%27s_Drag_Race_contestants
Nan Tucket,http://tillyscreams.blogspot.com/2008/01/canonical-list-of-drag-queen-names.html
Naomi Smalls ,https://en.wikipedia.org/wiki/List_of_RuPaul%27s_Drag_Race_contestants
Natalie Attired,http://tillyscreams.blogspot.com/2008/01/canonical-list-of-drag-queen-names.html
Nathan Marken ,https://en.wikipedia.org/wiki/List_of_drag_queens
Naysha Lopez ,https://en.wikipedia.org/wiki/List_of_RuPaul%27s_Drag_Race_contestants
Nequelle Anne Dyme,http://tillyscreams.blogspot.com/2008/01/canonical-list-of-drag-queen-names.html
Nequelle Anne Dyme Bridgette of Madison County,http://www.queermusicheritage.com/drag-names.html
Nicole Paige Brooks ,https://en.wikipedia.org/wiki/List_of_RuPaul%27s_Drag_Race_contestants
Nina Bo'nina Brown ,https://en.wikipedia.org/wiki/List_of_RuPaul%27s_Drag_Race_contestants
Nina Flowers ,https://en.wikipedia.org/wiki/List_of_RuPaul%27s_Drag_Race_contestants; https://en.wikipedia.org/wiki/List_of_drag_queens
Nita Shag,http://tillyscreams.blogspot.com/2008/01/canonical-list-of-drag-queen-names.html
Ongina ,https://en.wikipedia.org/wiki/List_of_RuPaul%27s_Drag_Race_contestants; https://en.wikipedia.org/wiki/List_of_drag_queens
Orna Mint,http://tillyscreams.blogspot.com/2008/01/canonical-list-of-drag-queen-names.html; http://www.queermusicheritage.com/drag-names.html
Pabllo Vittar ,https://en.wikipedia.org/wiki/List_of_drag_queens
Pagan Holiday,http://tillyscreams.blogspot.com/2008/01/canonical-list-of-drag-queen-names.html; http://www.queermusicheritage.com/drag-names.html
Paige Turner,http://tillyscreams.blogspot.com/2008/01/canonical-list-of-drag-queen-names.html; http://www.queermusicheritage.com/drag-names.html
Pandora Boxx ,https://en.wikipedia.org/wiki/List_of_RuPaul%27s_Drag_Race_contestants; https://en.wikipedia.org/wiki/List_of_drag_queens
Panti ,https://en.wikipedia.org/wiki/List_of_drag_queens
Patsy Vidalia ,https://en.wikipedia.org/wiki/List_of_drag_queens
Patty O. Furniture,http://tillyscreams.blogspot.com/2008/01/canonical-list-of-drag-queen-names.html; http://www.queermusicheritage.com/drag-names.html
Pauline Pantsdown ,https://en.wikipedia.org/wiki/List_of_drag_queens
Peaches Christ ,https://en.wikipedia.org/wiki/List_of_drag_queens
Pearl Diver,http://tillyscreams.blogspot.com/2008/01/canonical-list-of-drag-queen-names.html
Pearl E. Gates,http://tillyscreams.blogspot.com/2008/01/canonical-list-of-drag-queen-names.html
Pearl Liaison ,https://en.wikipedia.org/wiki/List_of_drag_queens
Pearl Liason ,https://en.wikipedia.org/wiki/List_of_RuPaul%27s_Drag_Race_contestants
Peg Legg,http://tillyscreams.blogspot.com/2008/01/canonical-list-of-drag-queen-names.html
Penny R. Cade,http://tillyscreams.blogspot.com/2008/01/canonical-list-of-drag-queen-names.html
Penny Tration ,http://tillyscreams.blogspot.com/2008/01/canonical-list-of-drag-queen-names.html; http://www.queermusicheritage.com/drag-names.html; https://en.wikipedia.org/wiki/List_of_RuPaul%27s_Drag_Race_contestants
Peppermint ,https://en.wikipedia.org/wiki/List_of_RuPaul%27s_Drag_Race_contestants; https://en.wikipedia.org/wiki/List_of_drag_queens
Phi Phi O'Hara ,https://en.wikipedia.org/wiki/List_of_RuPaul%27s_Drag_Race_contestants; https://en.wikipedia.org/wiki/List_of_drag_queens
Phil Aschio,http://tillyscreams.blogspot.com/2008/01/canonical-list-of-drag-queen-names.html
Phoenix ,https://en.wikipedia.org/wiki/List_of_RuPaul%27s_Drag_Race_contestants
Pollo Del Mar ,https://en.wikipedia.org/wiki/List_of_drag_queens
Polly Esther,http://tillyscreams.blogspot.com/2008/01/canonical-list-of-drag-queen-names.html
Polly Unsaturated,http://tillyscreams.blogspot.com/2008/01/canonical-list-of-drag-queen-names.html
Pollyfilla ,https://en.wikipedia.org/wiki/List_of_drag_queens
Poly Gripp,http://tillyscreams.blogspot.com/2008/01/canonical-list-of-drag-queen-names.html
Pussy Tourette ,https://en.wikipedia.org/wiki/List_of_drag_queens
Rachel ,https://en.wikipedia.org/wiki/List_of_drag_queens
Rachel Discrimination,http://tillyscreams.blogspot.com/2008/01/canonical-list-of-drag-queen-names.html
Rachel Tension,http://tillyscreams.blogspot.com/2008/01/canonical-list-of-drag-queen-names.html
Rachel Tensions,http://www.queermusicheritage.com/drag-names.html
Rae Bourbon ,https://en.wikipedia.org/wiki/List_of_drag_queens
Raja ,https://en.wikipedia.org/wiki/List_of_RuPaul%27s_Drag_Race_contestants; https://en.wikipedia.org/wiki/List_of_drag_queens
Raven ,https://en.wikipedia.org/wiki/List_of_RuPaul%27s_Drag_Race_contestants; https://en.wikipedia.org/wiki/List_of_drag_queens
Rebecca Glasscock ,https://en.wikipedia.org/wiki/List_of_RuPaul%27s_Drag_Race_contestants
Regina Fong ,https://en.wikipedia.org/wiki/List_of_drag_queens
Regina the Gentlelady ,https://en.wikipedia.org/wiki/List_of_drag_queens
Rhea Listik,http://tillyscreams.blogspot.com/2008/01/canonical-list-of-drag-queen-names.html; http://www.queermusicheritage.com/drag-names.html
Rhea Range,http://tillyscreams.blogspot.com/2008/01/canonical-list-of-drag-queen-names.html
Rhoda Lott,http://tillyscreams.blogspot.com/2008/01/canonical-list-of-drag-queen-names.html
Rickard Engfors ,https://en.wikipedia.org/wiki/List_of_drag_queens
Rita Book,http://tillyscreams.blogspot.com/2008/01/canonical-list-of-drag-queen-names.html
Robbie Turner ,https://en.wikipedia.org/wiki/List_of_RuPaul%27s_Drag_Race_contestants
Robyn Banks,http://tillyscreams.blogspot.com/2008/01/canonical-list-of-drag-queen-names.html
Rosie Cheeks,http://tillyscreams.blogspot.com/2008/01/canonical-list-of-drag-queen-names.html; http://www.queermusicheritage.com/drag-names.html
Roxxxy Andrews ,https://en.wikipedia.org/wiki/List_of_RuPaul%27s_Drag_Race_contestants; https://en.wikipedia.org/wiki/List_of_drag_queens
RuPaul ,https://en.wikipedia.org/wiki/List_of_drag_queens
Russella ,https://en.wikipedia.org/wiki/List_of_drag_queens
Rusty Hinges,http://tillyscreams.blogspot.com/2008/01/canonical-list-of-drag-queen-names.html
Rusty Ryan ,https://en.wikipedia.org/wiki/List_of_drag_queens
Sadie Word,http://tillyscreams.blogspot.com/2008/01/canonical-list-of-drag-queen-names.html
Sahara Davenport ,https://en.wikipedia.org/wiki/List_of_RuPaul%27s_Drag_Race_contestants; https://en.wikipedia.org/wiki/List_of_drag_queens
Sally Mander,http://tillyscreams.blogspot.com/2008/01/canonical-list-of-drag-queen-names.html
Samantha ,https://en.wikipedia.org/wiki/List_of_drag_queens
Sasha Belle ,https://en.wikipedia.org/wiki/List_of_RuPaul%27s_Drag_Race_contestants
Sasha Velour ,https://en.wikipedia.org/wiki/List_of_RuPaul%27s_Drag_Race_contestants; https://en.wikipedia.org/wiki/List_of_drag_queens
Seliphane Rappa,http://tillyscreams.blogspot.com/2008/01/canonical-list-of-drag-queen-names.html
Selma Babiesforcrack,http://tillyscreams.blogspot.com/2008/01/canonical-list-of-drag-queen-names.html
Selma Eggs,http://tillyscreams.blogspot.com/2008/01/canonical-list-of-drag-queen-names.html
Semi Sweet Charity,http://tillyscreams.blogspot.com/2008/01/canonical-list-of-drag-queen-names.html; http://www.queermusicheritage.com/drag-names.html
Serena ChaCha ,https://en.wikipedia.org/wiki/List_of_RuPaul%27s_Drag_Race_contestants
Shanda Lier,http://tillyscreams.blogspot.com/2008/01/canonical-list-of-drag-queen-names.html; http://www.queermusicheritage.com/drag-names.html
Shangela ,https://en.wikipedia.org/wiki/List_of_RuPaul%27s_Drag_Race_contestants
Shangela Laquifa Wadley ,https://en.wikipedia.org/wiki/List_of_RuPaul%27s_Drag_Race_contestants; https://en.wikipedia.org/wiki/List_of_drag_queens
Shannel ,https://en.wikipedia.org/wiki/List_of_RuPaul%27s_Drag_Race_contestants
Sharon Husbands,http://tillyscreams.blogspot.com/2008/01/canonical-list-of-drag-queen-names.html; http://www.queermusicheritage.com/drag-names.html
Sharon Needles ,https://en.wikipedia.org/wiki/List_of_RuPaul%27s_Drag_Race_contestants; https://en.wikipedia.org/wiki/List_of_drag_queens
Shea Couleé ,https://en.wikipedia.org/wiki/List_of_RuPaul%27s_Drag_Race_contestants; https://en.wikipedia.org/wiki/List_of_drag_queens
Sheesa Cunt,http://tillyscreams.blogspot.com/2008/01/canonical-list-of-drag-queen-names.html
Shequida ,https://en.wikipedia.org/wiki/List_of_drag_queens
Sherry Vine ,https://en.wikipedia.org/wiki/List_of_drag_queens
Shirley ,https://en.wikipedia.org/wiki/List_of_drag_queens
Shirley Q. Liquor ,https://en.wikipedia.org/wiki/List_of_drag_queens
Shirley Temple Bar ,https://en.wikipedia.org/wiki/List_of_drag_queens
Shirley U. Wood,http://tillyscreams.blogspot.com/2008/01/canonical-list-of-drag-queen-names.html
Silvetty Montilla ,https://en.wikipedia.org/wiki/List_of_drag_queens
Sissy Fuss,http://tillyscreams.blogspot.com/2008/01/canonical-list-of-drag-queen-names.html
Sister Boom Boom ,https://en.wikipedia.org/wiki/List_of_drag_queens
Sister Roma ,https://en.wikipedia.org/wiki/List_of_drag_queens
Sky Gilbert ,https://en.wikipedia.org/wiki/List_of_drag_queens
Snow White Trash,http://tillyscreams.blogspot.com/2008/01/canonical-list-of-drag-queen-names.html; http://www.queermusicheritage.com/drag-names.html
Sofonda Cox,http://www.queermusicheritage.com/drag-names.html
Solamente Enlacama,http://tillyscreams.blogspot.com/2008/01/canonical-list-of-drag-queen-names.html
Sonique ,https://en.wikipedia.org/wiki/List_of_RuPaul%27s_Drag_Race_contestants
Sonja Sajzor ,https://en.wikipedia.org/wiki/List_of_drag_queens
Sophonda Cox,http://tillyscreams.blogspot.com/2008/01/canonical-list-of-drag-queen-names.html
Sophonda Peters,http://tillyscreams.blogspot.com/2008/01/canonical-list-of-drag-queen-names.html
Spencer Brown ,https://en.wikipedia.org/wiki/List_of_drag_queens
Stacy Layne Matthews ,https://en.wikipedia.org/wiki/List_of_RuPaul%27s_Drag_Race_contestants
Stella Artois,http://tillyscreams.blogspot.com/2008/01/canonical-list-of-drag-queen-names.html
Strawberry Fields,http://tillyscreams.blogspot.com/2008/01/canonical-list-of-drag-queen-names.html
Sue Yu,http://tillyscreams.blogspot.com/2008/01/canonical-list-of-drag-queen-names.html
Summer Clearance,http://tillyscreams.blogspot.com/2008/01/canonical-list-of-drag-queen-names.html
Sylvester ,https://en.wikipedia.org/wiki/List_of_drag_queens
T. C. Jones ,https://en.wikipedia.org/wiki/List_of_drag_queens
Taboo! ,https://en.wikipedia.org/wiki/List_of_drag_queens
Tallulah Bunkbed,http://tillyscreams.blogspot.com/2008/01/canonical-list-of-drag-queen-names.html
Tammie Brown ,https://en.wikipedia.org/wiki/List_of_RuPaul%27s_Drag_Race_contestants; https://en.wikipedia.org/wiki/List_of_drag_queens
Tanya Hyde,http://tillyscreams.blogspot.com/2008/01/canonical-list-of-drag-queen-names.html
Tatianna ,https://en.wikipedia.org/wiki/List_of_RuPaul%27s_Drag_Race_contestants
Tempest DuJour ,https://en.wikipedia.org/wiki/List_of_RuPaul%27s_Drag_Race_contestants
Tequila Mockingbird,http://tillyscreams.blogspot.com/2008/01/canonical-list-of-drag-queen-names.html; http://www.queermusicheritage.com/drag-names.html
Tess Tickle,http://tillyscreams.blogspot.com/2008/01/canonical-list-of-drag-queen-names.html
Tess Tosterone,http://tillyscreams.blogspot.com/2008/01/canonical-list-of-drag-queen-names.html; http://www.queermusicheritage.com/drag-names.html
The Fabulous Wonder Twins ,https://en.wikipedia.org/wiki/List_of_drag_queens
The Lady Chablis ,https://en.wikipedia.org/wiki/List_of_drag_queens
The Princess ,https://en.wikipedia.org/wiki/List_of_RuPaul%27s_Drag_Race_contestants
The Vixen ,https://en.wikipedia.org/wiki/List_of_RuPaul%27s_Drag_Race_contestants
The Widow Norton ,https://en.wikipedia.org/wiki/List_of_drag_queens
Thorgy Thor ,https://en.wikipedia.org/wiki/List_of_RuPaul%27s_Drag_Race_contestants; https://en.wikipedia.org/wiki/List_of_drag_queens
Tom Gualtieri,https://en.wikipedia.org/wiki/List_of_drag_queens
Tracey Lee ,https://en.wikipedia.org/wiki/List_of_drag_queens
Trampolina ,https://en.wikipedia.org/wiki/List_of_drag_queens
Trinity K. Bonet ,https://en.wikipedia.org/wiki/List_of_RuPaul%27s_Drag_Race_contestants
Trinity Taylor ,https://en.wikipedia.org/wiki/List_of_RuPaul%27s_Drag_Race_contestants
Trixie ,https://en.wikipedia.org/wiki/List_of_drag_queens
Trixie Delight,http://tillyscreams.blogspot.com/2008/01/canonical-list-of-drag-queen-names.html
Trixie Mattel ,https://en.wikipedia.org/wiki/List_of_RuPaul%27s_Drag_Race_contestants; https://en.wikipedia.org/wiki/List_of_drag_queens
Tulip Sonya Cox,http://tillyscreams.blogspot.com/2008/01/canonical-list-of-drag-queen-names.html
Tulita Pepsi,http://tillyscreams.blogspot.com/2008/01/canonical-list-of-drag-queen-names.html
Tyra Sanchez ,https://en.wikipedia.org/wiki/List_of_RuPaul%27s_Drag_Race_contestants; https://en.wikipedia.org/wiki/List_of_drag_queens
Uma Dickhurtz,http://tillyscreams.blogspot.com/2008/01/canonical-list-of-drag-queen-names.html
Vaginal Davis ,https://en.wikipedia.org/wiki/List_of_drag_queens
Valentina ,https://en.wikipedia.org/wiki/List_of_RuPaul%27s_Drag_Race_contestants
Vanessa Vanjie Mateo ,https://en.wikipedia.org/wiki/List_of_RuPaul%27s_Drag_Race_contestants; https://en.wikipedia.org/wiki/List_of_drag_queens
Varla Jean Merman ,https://en.wikipedia.org/wiki/List_of_drag_queens
Vaselina ,https://en.wikipedia.org/wiki/List_of_drag_queens
Venus D-Lite ,https://en.wikipedia.org/wiki/List_of_RuPaul%27s_Drag_Race_contestants; https://en.wikipedia.org/wiki/List_of_drag_queens
Venus de Mile-High Lo,http://tillyscreams.blogspot.com/2008/01/canonical-list-of-drag-queen-names.html; http://www.queermusicheritage.com/drag-names.html
Venus Envy,http://tillyscreams.blogspot.com/2008/01/canonical-list-of-drag-queen-names.html
Verka Serduchka ,https://en.wikipedia.org/wiki/List_of_drag_queens
"Victoria ""Porkchop"" Parker ",https://en.wikipedia.org/wiki/List_of_RuPaul%27s_Drag_Race_contestants; https://en.wikipedia.org/wiki/List_of_drag_queens
Vinda Loos,http://tillyscreams.blogspot.com/2008/01/canonical-list-of-drag-queen-names.html
Violet Chachki ,https://en.wikipedia.org/wiki/List_of_RuPaul%27s_Drag_Race_contestants; https://en.wikipedia.org/wiki/List_of_drag_queens
Virginia Hamm,http://tillyscreams.blogspot.com/2008/01/canonical-list-of-drag-queen-names.html
Visa Gold,http://tillyscreams.blogspot.com/2008/01/canonical-list-of-drag-queen-names.html; http://www.queermusicheritage.com/drag-names.html
Vivacious ,https://en.wikipedia.org/wiki/List_of_RuPaul%27s_Drag_Race_contestants
Vivian Von Brokenhymen,http://tillyscreams.blogspot.com/2008/01/canonical-list-of-drag-queen-names.html
Vivienne Pinay ,https://en.wikipedia.org/wiki/List_of_RuPaul%27s_Drag_Race_contestants
Walterina Markova ,https://en.wikipedia.org/wiki/List_of_drag_queens
Wanda Wisdom ,https://en.wikipedia.org/wiki/List_of_drag_queens
Wilda Beest,http://tillyscreams.blogspot.com/2008/01/canonical-list-of-drag-queen-names.html
Willam ,https://en.wikipedia.org/wiki/List_of_RuPaul%27s_Drag_Race_contestants; https://en.wikipedia.org/wiki/List_of_drag_queens
Wilma Ballsdrop ,http://www.queermusicheritage.com/drag-names.html
Wilma Fingerfit,http://tillyscreams.blogspot.com/2008/01/canonical-list-of-drag-queen-names.html
Winnie ,https://en.wikipedia.org/wiki/List_of_drag_queens
Winnie Baygo,http://tillyscreams.blogspot.com/2008/01/canonical-list-of-drag-queen-names.html; http://www.queermusicheritage.com/drag-names.html
Yara Sofia ,https://en.wikipedia.org/wiki/List_of_RuPaul%27s_Drag_Race_contestants; https://en.wikipedia.org/wiki/List_of_drag_queens
Yuhua Hamasaki ,https://en.wikipedia.org/wiki/List_of_RuPaul%27s_Drag_Race_contestants
Yuna Sex,http://tillyscreams.blogspot.com/2008/01/canonical-list-of-drag-queen-names.html
Zsa Zsa Lahore ,http://tillyscreams.blogspot.com/2008/01/canonical-list-of-drag-queen-names.html
Zsa Zsa Shakespeer ,https://en.wikipedia.org/wiki/List_of_drag_queens
